x 	 u_pred 	 u_exact
0.000000000000000000e+00	0.000000000000000000e+00	0.000000000000000000e+00
1.000000000000000021e-02	8.480723454407993467e-01	3.981071705534973415e-02
2.000000000000000042e-02	1.695237530859544428e+00	6.467270065773575438e-02
2.999999999999999889e-02	2.541321993171185234e+00	8.589836120408871067e-02
4.000000000000000083e-02	3.386123123288731662e+00	1.050611121761507033e-01
5.000000000000000278e-02	4.229402859025805483e+00	1.228228026115790600e-01
5.999999999999999778e-02	5.070879335575402713e+00	1.395422994621890733e-01
7.000000000000000666e-02	5.910215845003873092e+00	1.554420903805033838e-01
8.000000000000000167e-02	6.747006048636342790e+00	1.706722802578593545e-01
8.999999999999999667e-02	7.580753959806203923e+00	1.853402551702235945e-01
1.000000000000000056e-01	8.410846632622439145e+00	1.995262314968880013e-01
1.100000000000000006e-01	9.236516716512625180e+00	2.132921537485394370e-01
1.199999999999999956e-01	1.005679103653003814e+01	2.266871342624450225e-01
1.300000000000000044e-01	1.087042014006809332e+01	2.397509554655916919e-01
1.400000000000000133e-01	1.167578240241788556e+01	2.525164208123728549e-01
1.499999999999999944e-01	1.247075508429209201e+01	2.650109880753873659e-01
1.600000000000000033e-01	1.325254432892476153e+01	2.772579372620586069e-01
1.700000000000000122e-01	1.401746778180568143e+01	2.892772265198924608e-01
1.799999999999999933e-01	1.476068970333900232e+01	3.010861328065805309e-01
1.900000000000000022e-01	1.547592304673021779e+01	3.126997403788019936e-01
2.000000000000000111e-01	1.615514151069573501e+01	3.241313193385525482e-01
2.099999999999999922e-01	1.678839277172143341e+01	3.353926232290463383e-01
2.200000000000000011e-01	1.736387292863662068e+01	3.464941260124675404e-01
2.300000000000000100e-01	1.786849678394387197e+01	3.574452129644344334e-01
2.399999999999999911e-01	1.828923145531880223e+01	3.682543360555973200e-01
2.500000000000000000e-01	1.861536199178460294e+01	3.789291416275995528e-01
2.600000000000000089e-01	1.884152610743030465e+01	3.894765762112479268e-01
2.700000000000000178e-01	1.897079075774768953e+01	3.999029749234436770e-01
2.800000000000000266e-01	1.901650297143578072e+01	4.102141358482987998e-01
2.899999999999999800e-01	1.900163954870814820e+01	4.204153830445960804e-01
2.999999999999999889e-01	1.895526797558102672e+01	4.305116202499342237e-01
3.099999999999999978e-01	1.890716850816692585e+01	4.405073769187359267e-01
3.200000000000000067e-01	1.888264178663915160e+01	4.504068478997877434e-01
3.300000000000000155e-01	1.889927899966212621e+01	4.602139278028412606e-01
3.400000000000000244e-01	1.896628345709363117e+01	4.699322409041364335e-01
3.500000000000000333e-01	1.908576124357086456e+01	4.795651672837742407e-01
3.599999999999999867e-01	1.925490982805452234e+01	4.891158657635536477e-01
3.699999999999999956e-01	1.946819812643892433e+01	4.985872941147092008e-01
3.800000000000000044e-01	1.971905871761419249e+01	5.079822269253092548e-01
3.900000000000000133e-01	2.000098215112166855e+01	5.173032714526639708e-01
4.000000000000000222e-01	2.030810495202547372e+01	5.265528817336949663e-01
4.100000000000000311e-01	2.063544514295453780e+01	5.357333711833627277e-01
4.199999999999999845e-01	2.097892637598794963e+01	5.448469238759937605e-01
4.299999999999999933e-01	2.133529372953402969e+01	5.538956046752127049e-01
4.400000000000000022e-01	2.170198650300024568e+01	5.628813683539724000e-01
4.500000000000000111e-01	2.207700480655267938e+01	5.718060678259764273e-01
4.600000000000000200e-01	2.245878803971277549e+01	5.806714615928536549e-01
4.700000000000000289e-01	2.284611228677545824e+01	5.894792204971880389e-01
4.799999999999999822e-01	2.323800770594440124e+01	5.982309338594667958e-01
4.899999999999999911e-01	2.363369415321752598e+01	6.069281150667864555e-01
5.000000000000000000e-01	2.403253220371605181e+01	6.155722066724581554e-01
5.100000000000000089e-01	2.443398657038299149e+01	6.241645850582235866e-01
5.200000000000000178e-01	2.483759918407659839e+01	6.327065647044162189e-01
5.300000000000000266e-01	2.524296962284478241e+01	6.411994021079273631e-01
5.400000000000000355e-01	2.564974102523174793e+01	6.496442993831094137e-01
5.500000000000000444e-01	2.605759003012475006e+01	6.580424075766573289e-01
5.600000000000000533e-01	2.646621963066893102e+01	6.663948297239661311e-01
5.700000000000000622e-01	2.687535410883620557e+01	6.747026236713719038e-01
5.799999999999999600e-01	2.728473543610354568e+01	6.829668046859956876e-01
5.899999999999999689e-01	2.769412069350837058e+01	6.911883478725526775e-01
5.999999999999999778e-01	2.810328019072922601e+01	6.993681904144294359e-01
6.099999999999999867e-01	2.851199605758544564e+01	7.075072336545158436e-01
6.199999999999999956e-01	2.892006114994757837e+01	7.156063450296854533e-01
6.300000000000000044e-01	2.932727816159786016e+01	7.236663598714063728e-01
6.400000000000000133e-01	2.973345886890132661e+01	7.316880830837221295e-01
6.500000000000000222e-01	3.013842345997773720e+01	7.396722907087351917e-01
6.600000000000000311e-01	3.054199991724780716e+01	7.476197313887467111e-01
6.700000000000000400e-01	3.094402343390147081e+01	7.555311277333358611e-01
6.800000000000000488e-01	3.134433585258721422e+01	7.634071775988812147e-01
6.900000000000000577e-01	3.174278511961749416e+01	7.712485552873363792e-01
7.000000000000000666e-01	3.213922475107060706e+01	7.790559126704491577e-01
7.099999999999999645e-01	3.253351330895623761e+01	7.868298802450581775e-01
7.199999999999999734e-01	3.292551388653254207e+01	7.945710681246025420e-01
7.299999999999999822e-01	3.331509360222278104e+01	8.022800669715298705e-01
7.399999999999999911e-01	3.370212310159158875e+01	8.099574488748874090e-01
7.500000000000000000e-01	3.408647606664844432e+01	8.176037681770133014e-01
7.600000000000000089e-01	3.446802873144849855e+01	8.252195622529189256e-01
7.700000000000000178e-01	3.484665940261961481e+01	8.328053522456562163e-01
7.800000000000000266e-01	3.522224798310323735e+01	8.403616437606930001e-01
7.900000000000000355e-01	3.559467549707785139e+01	8.478889275220773403e-01
8.000000000000000444e-01	3.596382361375514591e+01	8.553876799929505115e-01
8.100000000000000533e-01	3.632957416750598867e+01	8.628583639627644963e-01
8.200000000000000622e-01	3.669180867159337112e+01	8.703014291033819294e-01
8.300000000000000711e-01	3.705040782266146948e+01	8.777173124960632178e-01
8.399999999999999689e-01	3.740525099305997969e+01	8.851064391311986856e-01
8.499999999999999778e-01	3.775621570806686123e+01	8.924692223825022586e-01
8.599999999999999867e-01	3.810317710511822753e+01	8.998060644572551947e-01
8.699999999999999956e-01	3.844600737226085130e+01	9.071173568240763485e-01
8.800000000000000044e-01	3.878457516321673637e+01	9.144034806195818765e-01
8.900000000000000133e-01	3.911874498669657640e+01	9.216648070352077005e-01
9.000000000000000222e-01	3.944837656792572034e+01	9.289016976853710084e-01
9.100000000000000311e-01	3.977332418076526466e+01	9.361145049580709143e-01
9.200000000000000400e-01	4.009343594932757071e+01	9.433035723489462399e-01
9.300000000000000488e-01	4.040855311861891153e+01	9.504692347797455421e-01
9.400000000000000577e-01	4.071850929450042145e+01	9.576118189020933480e-01
9.500000000000000666e-01	4.102312965416195567e+01	9.647316433873818209e-01
9.599999999999999645e-01	4.132223012936656659e+01	9.718290192035610175e-01
9.699999999999999734e-01	4.161561656596472147e+01	9.789042498795496039e-01
9.799999999999999822e-01	4.190308386461530432e+01	9.859576317579406002e-01
9.899999999999999911e-01	4.218441510930354355e+01	9.929894542366357602e-01
1.000000000000000000e+00	4.245938069213143251e+01	1.000000000000000000e+00
1.010000000000000009e+00	4.272773744498869775e+01	1.006989545240089434e+00
1.020000000000000018e+00	4.298922779110614556e+01	1.013958359868474934e+00
1.030000000000000027e+00	4.324357893215184845e+01	1.020906707719148043e+00
1.040000000000000036e+00	4.349050208945804030e+01	1.027834846742967212e+00
1.050000000000000044e+00	4.372969182114868403e+01	1.034743029194076458e+00
1.060000000000000053e+00	4.396082544035554918e+01	1.041631501808699012e+00
1.070000000000000062e+00	4.418356256332229748e+01	1.048500505976688757e+00
1.080000000000000071e+00	4.439754481994533819e+01	1.055350277906196510e+00
1.090000000000000080e+00	4.460239576310075904e+01	1.062181048781787984e+00
1.100000000000000089e+00	4.479772101684966401e+01	1.068993044916332957e+00
1.110000000000000098e+00	4.498310870715111776e+01	1.075786487896965182e+00
1.120000000000000107e+00	4.515813022186302561e+01	1.082561594725393928e+00
1.130000000000000115e+00	4.532234134935121261e+01	1.089318577952836486e+00
1.140000000000000124e+00	4.547528384669254820e+01	1.096057645809822345e+00
1.150000000000000133e+00	4.561648748894162964e+01	1.102779002331107261e+00
1.159999999999999920e+00	4.574547264988624562e+01	1.109482847475921963e+00
1.169999999999999929e+00	4.586175346177157053e+01	1.116169377243770855e+00
1.179999999999999938e+00	4.596484159622917076e+01	1.122838783785976569e+00
1.189999999999999947e+00	4.605425070071464688e+01	1.129491255513168202e+00
1.199999999999999956e+00	4.612950151376551844e+01	1.136126977198888666e+00
1.209999999999999964e+00	4.619012766803255943e+01	1.142746130079492994e+00
1.219999999999999973e+00	4.623568217209761855e+01	1.149348891950503049e+00
1.229999999999999982e+00	4.626574454050205532e+01	1.155935437259567600e+00
1.239999999999999991e+00	4.627992851629386450e+01	1.162505937196178118e+00
1.250000000000000000e+00	4.627789030212216659e+01	1.169060559778276609e+00
1.260000000000000009e+00	4.625933718511669923e+01	1.175599469935887376e+00
1.270000000000000018e+00	4.622403640845850248e+01	1.182122829591897739e+00
1.280000000000000027e+00	4.617182410998488251e+01	1.188630797740107381e+00
1.290000000000000036e+00	4.610261411701967660e+01	1.195123530520658006e+00
1.300000000000000044e+00	4.601640635880117713e+01	1.201601181292952569e+00
1.310000000000000053e+00	4.591329463553776691e+01	1.208063900706163096e+00
1.320000000000000062e+00	4.579347346847707456e+01	1.214511836767429243e+00
1.330000000000000071e+00	4.565724375058919549e+01	1.220945134907836405e+00
1.340000000000000080e+00	4.550501692443585000e+01	1.227363938046262204e+00
1.350000000000000089e+00	4.533731743395795633e+01	1.233768386651177940e+00
1.360000000000000098e+00	4.515478323102394853e+01	1.240158618800482948e+00
1.370000000000000107e+00	4.495816416554636419e+01	1.246534770239448697e+00
1.380000000000000115e+00	4.474831814871975411e+01	1.252896974436847000e+00
1.390000000000000124e+00	4.452620505035147858e+01	1.259245362639330512e+00
1.400000000000000133e+00	4.429287837024546803e+01	1.265580063924133025e+00
1.409999999999999920e+00	4.404947480622127642e+01	1.271901205250151934e+00
1.419999999999999929e+00	4.379720192306992033e+01	1.278208911507476619e+00
1.429999999999999938e+00	4.353732420277867732e+01	1.284503305565415809e+00
1.439999999999999947e+00	4.327114782204005650e+01	1.290784508319084090e+00
1.449999999999999956e+00	4.300000455427558421e+01	1.297052638734597751e+00
1.459999999999999964e+00	4.272523522692837616e+01	1.303307813892932376e+00
1.469999999999999973e+00	4.244817317858267813e+01	1.309550149032489896e+00
1.479999999999999982e+00	4.217012815389352909e+01	1.315779757590420873e+00
1.489999999999999991e+00	4.189237104811159895e+01	1.321996751242748180e+00
1.500000000000000000e+00	4.161611986924079076e+01	1.328201239943334055e+00
1.510000000000000009e+00	4.134252722775126898e+01	1.334393331961730933e+00
1.520000000000000018e+00	4.107266959525392025e+01	1.340573133919954030e+00
1.530000000000000027e+00	4.080753849902349373e+01	1.346740750828217870e+00
1.540000000000000036e+00	4.054803374317322806e+01	1.352896286119666058e+00
1.550000000000000044e+00	4.029495867378161478e+01	1.359039841684134053e+00
1.560000000000000053e+00	4.004901743790482271e+01	1.365171517900976017e+00
1.570000000000000062e+00	3.981081412795667518e+01	1.371291413670986614e+00
1.580000000000000071e+00	3.958085365528727806e+01	1.377399626447451730e+00
1.590000000000000080e+00	3.935954416093078123e+01	1.383496252266351201e+00
1.600000000000000089e+00	3.914720074757073576e+01	1.389581385775749522e+00
1.610000000000000098e+00	3.894405030422457514e+01	1.395655120264394089e+00
1.620000000000000107e+00	3.875023719285267276e+01	1.401717547689552479e+00
1.630000000000000115e+00	3.856582957254826738e+01	1.407768758704110779e+00
1.640000000000000124e+00	3.839082615044102909e+01	1.413808842682956701e+00
1.650000000000000133e+00	3.822516316716772877e+01	1.419837887748673921e+00
1.660000000000000142e+00	3.806872144700655269e+01	1.425855980796564282e+00
1.669999999999999929e+00	3.792133336696957002e+01	1.431863207519026071e+00
1.679999999999999938e+00	3.778278962395123841e+01	1.437859652429301249e+00
1.689999999999999947e+00	3.765284570333285075e+01	1.443845398884618714e+00
1.699999999999999956e+00	3.753122797539614197e+01	1.449820529108746925e+00
1.709999999999999964e+00	3.741763936689974201e+01	1.455785124213977655e+00
1.719999999999999973e+00	3.731176457383343603e+01	1.461739264222557733e+00
1.729999999999999982e+00	3.721327479749394485e+01	1.467683028087583885e+00
1.739999999999999991e+00	3.712183199957853930e+01	1.473616493713380660e+00
1.750000000000000000e+00	3.703709268304529445e+01	1.479539737975373859e+00
1.760000000000000009e+00	3.695871121420301364e+01	1.485452836739475924e+00
1.770000000000000018e+00	3.688634270808609728e+01	1.491355864880999249e+00
1.780000000000000027e+00	3.681964550389047730e+01	1.497248896303109644e+00
1.790000000000000036e+00	3.675828326035628635e+01	1.503132003954833928e+00
1.800000000000000044e+00	3.670192670274266078e+01	1.509005259848636094e+00
1.810000000000000053e+00	3.665025505369313663e+01	1.514868735077574025e+00
1.820000000000000062e+00	3.660295718006611310e+01	1.520722499832048324e+00
1.830000000000000071e+00	3.655973248690230548e+01	1.526566623416155455e+00
1.840000000000000080e+00	3.652029158829795108e+01	1.532401174263658294e+00
1.850000000000000089e+00	3.648435678319759745e+01	1.538226219953582552e+00
1.860000000000000098e+00	3.645166236213750466e+01	1.544041827225451469e+00
1.870000000000000107e+00	3.642195476886260508e+01	1.549848061994168358e+00
1.880000000000000115e+00	3.639499263858585465e+01	1.555644989364557418e+00
1.890000000000000124e+00	3.637054673252190184e+01	1.561432673645572144e+00
1.900000000000000133e+00	3.634839978625358725e+01	1.567211178364180224e+00
1.910000000000000142e+00	3.632834628751371753e+01	1.572980566278935788e+00
1.919999999999999929e+00	3.631019219710802304e+01	1.578740899393245023e+00
1.929999999999999938e+00	3.629375462498360605e+01	1.584492238968334910e+00
1.939999999999999947e+00	3.627886147186617904e+01	1.590234645535934632e+00
1.949999999999999956e+00	3.626535104545185106e+01	1.595968178910674551e+00
1.959999999999999964e+00	3.625307165884239424e+01	1.601692898202212056e+00
1.969999999999999973e+00	3.624188121775292615e+01	1.607408861827093860e+00
1.979999999999999982e+00	3.623164680198838994e+01	1.613116127520355825e+00
1.989999999999999991e+00	3.622224424577431989e+01	1.618814752346874331e+00
2.000000000000000000e+00	3.621355772072725898e+01	1.624504792712470946e+00
2.010000000000000231e+00	3.620547932455193774e+01	1.630186304374779072e+00
2.020000000000000018e+00	3.619790867794657174e+01	1.635859342453876986e+00
2.030000000000000249e+00	3.619075253167468986e+01	1.641523961442697521e+00
2.040000000000000036e+00	3.618392438531417810e+01	1.647180215217214139e+00
2.049999999999999822e+00	3.617734411881141199e+01	1.652828157046414725e+00
2.060000000000000053e+00	3.617093763764497538e+01	1.658467839602066007e+00
2.069999999999999840e+00	3.616463653213063623e+01	1.664099314968271903e+00
2.080000000000000071e+00	3.615837775117223885e+01	1.669722634650838478e+00
2.089999999999999858e+00	3.615210329057407534e+01	1.675337849586439054e+00
2.100000000000000089e+00	3.614575989587614657e+01	1.680945010151597474e+00
2.109999999999999876e+00	3.613929877954809200e+01	1.686544166171480841e+00
2.120000000000000107e+00	3.613267535227756611e+01	1.692135366928520179e+00
2.129999999999999893e+00	3.612584896800912304e+01	1.697718661170849908e+00
2.140000000000000124e+00	3.611878268233026290e+01	1.703294097120581885e+00
2.149999999999999911e+00	3.611144302375451076e+01	1.708861722481909595e+00
2.160000000000000142e+00	3.610379977742029922e+01	1.714421584449054459e+00
2.169999999999999929e+00	3.609582578070197201e+01	1.719973729714049826e+00
2.180000000000000160e+00	3.608749673021704041e+01	1.725518204474373540e+00
2.189999999999999947e+00	3.607879099970875814e+01	1.731055054440429064e+00
2.200000000000000178e+00	3.606968946828356337e+01	1.736584324842880722e+00
2.209999999999999964e+00	3.606017535848891242e+01	1.742106060439843729e+00
2.220000000000000195e+00	3.605023408372648674e+01	1.747620305523936768e+00
2.229999999999999982e+00	3.603985310450859458e+01	1.753127103929196018e+00
2.240000000000000213e+00	3.602902179307996278e+01	1.758626499037858171e+00
2.250000000000000000e+00	3.601773130594467887e+01	1.764118533787010223e+00
2.260000000000000231e+00	3.600597446385490485e+01	1.769603250675116257e+00
2.270000000000000018e+00	3.599374563883762335e+01	1.775080691768415653e+00
2.280000000000000249e+00	3.598104064785398037e+01	1.780550898707204510e+00
2.290000000000000036e+00	3.596785665270588339e+01	1.786013912711994500e+00
2.300000000000000266e+00	3.595419206582326410e+01	1.791469774589560915e+00
2.310000000000000053e+00	3.594004646158478522e+01	1.796918524738872369e+00
2.319999999999999840e+00	3.592542049284325856e+01	1.802360203156914809e+00
2.330000000000000071e+00	3.591031581234543779e+01	1.807794849444405161e+00
2.339999999999999858e+00	3.589473499875337126e+01	1.813222502811399739e+00
2.350000000000000089e+00	3.587868148699152471e+01	1.818643202082800725e+00
2.359999999999999876e+00	3.586215950265999197e+01	1.824056985703760736e+00
2.370000000000000107e+00	3.584517400027021239e+01	1.829463891744990578e+00
2.379999999999999893e+00	3.582773060507390284e+01	1.834863957907967968e+00
2.390000000000000124e+00	3.580983555827041442e+01	1.840257221530056331e+00
2.399999999999999911e+00	3.579149566539086891e+01	1.845643719589526777e+00
2.410000000000000142e+00	3.577271824767045416e+01	1.851023488710495046e+00
2.419999999999999929e+00	3.575351109623196777e+01	1.856396565167765411e+00
2.430000000000000160e+00	3.573388242891463307e+01	1.861762984891593309e+00
2.439999999999999947e+00	3.571384084959406380e+01	1.867122783472360270e+00
2.450000000000000178e+00	3.569339530984739639e+01	1.872475996165168466e+00
2.459999999999999964e+00	3.567255507282869331e+01	1.877822657894353320e+00
2.470000000000000195e+00	3.565132967922740903e+01	1.883162803257918849e+00
2.479999999999999982e+00	3.562972891519127216e+01	1.888496466531894180e+00
2.490000000000000213e+00	3.560776278210262547e+01	1.893823681674615678e+00
2.500000000000000000e+00	3.558544146810444886e+01	1.899144482330934691e+00
2.510000000000000231e+00	3.556277532127884911e+01	1.904458901836353579e+00
2.520000000000000018e+00	3.553977482438716606e+01	1.909766973221089570e+00
2.530000000000000249e+00	3.551645057108648018e+01	1.915068729214071341e+00
2.540000000000000036e+00	3.549281324354318912e+01	1.920364202246865437e+00
2.550000000000000266e+00	3.546887359136863438e+01	1.925653424457538732e+00
2.560000000000000053e+00	3.544464241180712349e+01	1.930936427694452062e+00
2.569999999999999840e+00	3.542013053111072196e+01	1.936213243519996130e+00
2.580000000000000071e+00	3.539534878703916121e+01	1.941483903214258122e+00
2.589999999999999858e+00	3.537030801242745071e+01	1.946748437778632157e+00
2.600000000000000089e+00	3.534501901976661742e+01	1.952006877939368001e+00
2.609999999999999876e+00	3.531949258674676173e+01	1.957259254151060723e+00
2.620000000000000107e+00	3.529373944271454633e+01	1.962505596600084390e+00
2.629999999999999893e+00	3.526777025599977122e+01	1.967745935207967367e+00
2.640000000000000124e+00	3.524159562206872920e+01	1.972980299634714996e+00
2.649999999999999911e+00	3.521522605246392601e+01	1.978208719282075423e+00
2.660000000000000142e+00	3.518867196449262025e+01	1.983431223296754808e+00
2.669999999999999929e+00	3.516194367162820100e+01	1.988647840573578796e+00
2.680000000000000160e+00	3.513505137459049621e+01	1.993858599758605354e+00
2.689999999999999947e+00	3.510800515307319358e+01	1.999063529252184113e+00
2.700000000000000178e+00	3.508081495808787764e+01	2.004262657211971721e+00
2.709999999999999964e+00	3.505349060489582769e+01	2.009456011555893262e+00
2.720000000000000195e+00	3.502604176650031320e+01	2.014643619965062804e+00
2.729999999999999982e+00	3.499847796767336661e+01	2.019825509886653325e+00
2.740000000000000213e+00	3.497080857949235622e+01	2.025001708536723122e+00
2.750000000000000000e+00	3.494304281436260595e+01	2.030172242902998914e+00
2.760000000000000231e+00	3.491518972150383604e+01	2.035337139747612323e+00
2.770000000000000018e+00	3.488725818287878866e+01	2.040496425609797715e+00
2.780000000000000249e+00	3.485925690954368861e+01	2.045650126808546077e+00
2.790000000000000036e+00	3.483119443840092089e+01	2.050798269445215816e+00
2.800000000000000266e+00	3.480307912933507453e+01	2.055940879406109367e+00
2.810000000000000053e+00	3.477491916271468142e+01	2.061077982365001837e+00
2.819999999999999840e+00	3.474672253724210691e+01	2.066209603785639892e+00
2.830000000000000071e+00	3.471849706813529934e+01	2.071335768924195797e+00
2.839999999999999858e+00	3.469025038562555352e+01	2.076456502831686368e+00
2.850000000000000089e+00	3.466198993375599002e+01	2.081571830356357733e+00
2.859999999999999876e+00	3.463372296946610618e+01	2.086681776146029677e+00
2.870000000000000107e+00	3.460545656194847908e+01	2.091786364650408458e+00
2.879999999999999893e+00	3.457719759226386458e+01	2.096885620123362326e+00
2.890000000000000124e+00	3.454895275320188119e+01	2.101979566625166829e+00
2.899999999999999911e+00	3.452072854937443935e+01	2.107068228024711054e+00
2.910000000000000142e+00	3.449253129753022762e+01	2.112151628001677217e+00
2.919999999999999929e+00	3.446436712707814820e+01	2.117229790048682059e+00
2.930000000000000160e+00	3.443624198080880205e+01	2.122302737473393819e+00
2.939999999999999947e+00	3.440816161580296040e+01	2.127370493400610574e+00
2.950000000000000178e+00	3.438013160451674111e+01	2.132433080774314593e+00
2.959999999999999964e+00	3.435215733603321553e+01	2.137490522359692058e+00
2.970000000000000195e+00	3.432424401747097420e+01	2.142542840745126131e+00
2.979999999999999982e+00	3.429639667554002358e+01	2.147590058344160724e+00
2.990000000000000213e+00	3.426862015823604679e+01	2.152632197397435387e+00
3.000000000000000000e+00	3.424091913666438813e+01	2.157669279974593124e+00
3.010000000000000231e+00	3.421329810698512119e+01	2.162701327976158883e+00
3.020000000000000018e+00	3.418576139247146983e+01	2.167728363135394964e+00
3.030000000000000249e+00	3.415831314567311949e+01	2.172750407020126673e+00
3.040000000000000036e+00	3.413095735067773262e+01	2.177767481034542651e+00
3.050000000000000266e+00	3.410369782546251116e+01	2.182779606420971685e+00
3.060000000000000053e+00	3.407653822432939705e+01	2.187786804261631968e+00
3.070000000000000284e+00	3.404948204041696158e+01	2.192789095480357719e+00
3.080000000000000071e+00	3.402253260828254611e+01	2.197786500844300051e+00
3.089999999999999858e+00	3.399569310654822374e+01	2.202779040965606505e+00
3.100000000000000089e+00	3.396896656060489050e+01	2.207766736303073518e+00
3.109999999999999876e+00	3.394235584536847483e+01	2.212749607163779775e+00
3.120000000000000107e+00	3.391586368808268048e+01	2.217727673704694258e+00
3.129999999999999893e+00	3.388949267116327491e+01	2.222700955934263423e+00
3.140000000000000124e+00	3.386324523507828133e+01	2.227669473713977499e+00
3.149999999999999911e+00	3.383712368125974734e+01	2.232633246759911927e+00
3.160000000000000142e+00	3.381113017504192442e+01	2.237592294644252355e+00
3.169999999999999929e+00	3.378526674862158785e+01	2.242546636796795223e+00
3.180000000000000160e+00	3.375953530403622693e+01	2.247496292506429239e+00
3.189999999999999947e+00	3.373393761615589881e+01	2.252441280922598210e+00
3.200000000000000178e+00	3.370847533568477417e+01	2.257381621056742116e+00
3.209999999999999964e+00	3.368314999216881489e+01	2.262317331783718632e+00
3.220000000000000195e+00	3.365796299700574679e+01	2.267248431843208234e+00
3.229999999999999982e+00	3.363291564645425069e+01	2.272174939841098418e+00
3.240000000000000213e+00	3.360800912463873402e+01	2.277096874250849723e+00
3.250000000000000000e+00	3.358324450654703952e+01	2.282014253414843541e+00
3.260000000000000231e+00	3.355862276101787955e+01	2.286927095545713939e+00
3.270000000000000018e+00	3.353414475371515380e+01	2.291835418727658613e+00
3.280000000000000249e+00	3.350981125008696182e+01	2.296739240917735181e+00
3.290000000000000036e+00	3.348562291830636894e+01	2.301638579947140606e+00
3.300000000000000266e+00	3.346158033219178662e+01	2.306533453522471966e+00
3.310000000000000053e+00	3.343768397410489257e+01	2.311423879226972122e+00
3.320000000000000284e+00	3.341393423782361083e+01	2.316309874521759848e+00
3.330000000000000071e+00	3.339033143138887283e+01	2.321191456747041304e+00
3.339999999999999858e+00	3.336687577992254461e+01	2.326068643123309077e+00
3.350000000000000089e+00	3.334356742841556809e+01	2.330941450752525679e+00
3.359999999999999876e+00	3.332040644448403555e+01	2.335809896619287507e+00
3.370000000000000107e+00	3.329739282109244414e+01	2.340673997591979916e+00
3.379999999999999893e+00	3.327452647924208406e+01	2.345533770423912756e+00
3.390000000000000124e+00	3.325180727062374331e+01	2.350389231754444364e+00
3.399999999999999911e+00	3.322923498023342148e+01	2.355240398110090005e+00
3.410000000000000142e+00	3.320680932894988757e+01	2.360087285905617449e+00
3.419999999999999929e+00	3.318452997607329280e+01	2.364929911445126542e+00
3.430000000000000160e+00	3.316239652182390074e+01	2.369768290923118137e+00
3.439999999999999947e+00	3.314040850979995412e+01	2.374602440425546135e+00
3.450000000000000178e+00	3.311856542939418802e+01	2.379432375930860211e+00
3.459999999999999964e+00	3.309686671816824344e+01	2.384258113311032101e+00
3.470000000000000195e+00	3.307531176418453356e+01	2.389079668332573458e+00
3.479999999999999982e+00	3.305389990829475266e+01	2.393897056657533717e+00
3.490000000000000213e+00	3.303263044638509882e+01	2.398710293844495745e+00
3.500000000000000000e+00	3.301150263157743581e+01	2.403519395349548393e+00
3.510000000000000231e+00	3.299051567638624505e+01	2.408324376527256838e+00
3.520000000000000018e+00	3.296966875483128234e+01	2.413125252631614259e+00
3.530000000000000249e+00	3.294896100450551302e+01	2.417922038816985086e+00
3.540000000000000036e+00	3.292839152859846763e+01	2.422714750139035811e+00
3.550000000000000266e+00	3.290795939787467006e+01	2.427503401555654250e+00
3.560000000000000053e+00	3.288766365260749325e+01	2.432288007927859042e+00
3.570000000000000284e+00	3.286750330446804469e+01	2.437068584020697148e+00
3.580000000000000071e+00	3.284747733836960748e+01	2.441845144504128484e+00
3.589999999999999858e+00	3.282758471426738112e+01	2.446617703953905654e+00
3.600000000000000089e+00	3.280782436891396969e+01	2.451386276852436819e+00
3.609999999999999876e+00	3.278819521757060329e+01	2.456150877589641901e+00
3.620000000000000107e+00	3.276869615567454730e+01	2.460911520463797686e+00
3.629999999999999893e+00	3.274932606046275652e+01	2.465668219682372264e+00
3.640000000000000124e+00	3.273008379255220746e+01	2.470420989362852371e+00
3.649999999999999911e+00	3.271096819747729256e+01	2.475169843533555181e+00
3.660000000000000142e+00	3.269197810718444686e+01	2.479914796134438326e+00
3.669999999999999929e+00	3.267311234148466070e+01	2.484655861017892597e+00
3.680000000000000160e+00	3.265436970946402084e+01	2.489393051949531532e+00
3.689999999999999947e+00	3.263574901085291913e+01	2.494126382608967241e+00
3.700000000000000178e+00	3.261724903735435532e+01	2.498855866590582675e+00
3.709999999999999964e+00	3.259886857393167503e+01	2.503581517404285695e+00
3.720000000000000195e+00	3.258060640005641062e+01	2.508303348476267125e+00
3.729999999999999982e+00	3.256246129091675812e+01	2.513021373149736615e+00
3.740000000000000213e+00	3.254443201858686052e+01	2.517735604685661599e+00
3.750000000000000000e+00	3.252651735315807713e+01	2.522446056263488945e+00
3.760000000000000231e+00	3.250871606383206114e+01	2.527152740981864820e+00
3.770000000000000018e+00	3.249102691997701697e+01	2.531855671859341239e+00
3.780000000000000249e+00	3.247344869214674645e+01	2.536554861835079500e+00
3.790000000000000036e+00	3.245598015306411810e+01	2.541250323769539854e+00
3.800000000000000266e+00	3.243862007856869667e+01	2.545942070445169847e+00
3.810000000000000053e+00	3.242136724852967689e+01	2.550630114567078444e+00
3.820000000000000284e+00	3.240422044772433452e+01	2.555314468763707936e+00
3.830000000000000071e+00	3.238717846668307487e+01	2.559995145587494303e+00
3.839999999999999858e+00	3.237024010250119943e+01	2.564672157515523576e+00
3.850000000000000089e+00	3.235340415961831440e+01	2.569345516950177100e+00
3.859999999999999876e+00	3.233666945056587849e+01	2.574015236219774128e+00
3.870000000000000107e+00	3.232003479668368584e+01	2.578681327579201987e+00
3.879999999999999893e+00	3.230349902880571733e+01	2.583343803210543577e+00
3.890000000000000124e+00	3.228706098791590051e+01	2.588002675223696869e+00
3.899999999999999911e+00	3.227071952577485803e+01	2.592657955656985092e+00
3.910000000000000142e+00	3.225447350551763037e+01	2.597309656477764683e+00
3.919999999999999929e+00	3.223832180222369459e+01	2.601957789583021707e+00
3.930000000000000160e+00	3.222226330345910839e+01	2.606602366799964710e+00
3.939999999999999947e+00	3.220629690979222914e+01	2.611243399886611805e+00
3.950000000000000178e+00	3.219042153528295813e+01	2.615880900532368436e+00
3.959999999999999964e+00	3.217463610794639806e+01	2.620514880358599363e+00
3.970000000000000195e+00	3.215893957019157057e+01	2.625145350919199316e+00
3.979999999999999982e+00	3.214333087923584031e+01	2.629772323701148995e+00
3.990000000000000213e+00	3.212780900749520896e+01	2.634395810125073734e+00
4.000000000000000000e+00	3.211237294295170841e+01	2.639015821545788398e+00
4.009999999999999787e+00	3.209702168949798562e+01	2.643632369252843173e+00
4.020000000000000462e+00	3.208175426725997426e+01	2.648245464471059574e+00
4.030000000000000249e+00	3.206656971289791613e+01	2.652855118361059805e+00
4.040000000000000036e+00	3.205146707988659216e+01	2.657461342019794337e+00
4.049999999999999822e+00	3.203644543877516071e+01	2.662064146481062377e+00
4.060000000000000497e+00	3.202150387742729976e+01	2.666663542716023461e+00
4.070000000000000284e+00	3.200664150124187302e+01	2.671259541633708601e+00
4.080000000000000071e+00	3.199185743335511845e+01	2.675852154081523882e+00
4.089999999999999858e+00	3.197715081482453314e+01	2.680441390845746508e+00
4.099999999999999645e+00	3.196252080479502311e+01	2.685027262652021296e+00
4.110000000000000320e+00	3.194796658064821671e+01	2.689609780165846065e+00
4.120000000000000107e+00	3.193348733813477125e+01	2.694188953993053470e+00
4.129999999999999893e+00	3.191908229149080611e+01	2.698764794680292400e+00
4.139999999999999680e+00	3.190475067353852268e+01	2.703337312715497376e+00
4.150000000000000355e+00	3.189049173577187091e+01	2.707906518528358397e+00
4.160000000000000142e+00	3.187630474842736916e+01	2.712472422490781021e+00
4.169999999999999929e+00	3.186218900054067760e+01	2.717035034917349545e+00
4.179999999999999716e+00	3.184814379998965705e+01	2.721594366065775095e+00
4.190000000000000391e+00	3.183416847352388857e+01	2.726150426137349037e+00
4.200000000000000178e+00	3.182026236678145281e+01	2.730703225277383073e+00
4.209999999999999964e+00	3.180642484429322892e+01	2.735252773575652441e+00
4.219999999999999751e+00	3.179265528947526676e+01	2.739799081066828901e+00
4.230000000000000426e+00	3.177895310460953837e+01	2.744342157730912390e+00
4.240000000000000213e+00	3.176531771081354094e+01	2.748882013493656906e+00
4.250000000000000000e+00	3.175174854799909951e+01	2.753418658226992832e+00
4.259999999999999787e+00	3.173824507482082780e+01	2.757952101749445273e+00
4.270000000000000462e+00	3.172480676861464133e+01	2.762482353826547055e+00
4.280000000000000249e+00	3.171143312532660374e+01	2.767009424171245957e+00
4.290000000000000036e+00	3.169812365943253951e+01	2.771533322444315495e+00
4.299999999999999822e+00	3.168487790384882175e+01	2.776054058254750601e+00
4.310000000000000497e+00	3.167169540983454468e+01	2.780571641160168195e+00
4.320000000000000284e+00	3.165857574688565634e+01	2.785086080667197539e+00
4.330000000000000071e+00	3.164551850262117938e+01	2.789597386231873255e+00
4.339999999999999858e+00	3.163252328266178992e+01	2.794105567260018130e+00
4.350000000000000533e+00	3.161958971050151490e+01	2.798610633107625922e+00
4.360000000000000320e+00	3.160671742737224221e+01	2.803112593081237502e+00
4.370000000000000107e+00	3.159390609210193190e+01	2.807611456438317887e+00
4.379999999999999893e+00	3.158115538096631880e+01	2.812107232387624389e+00
4.389999999999999680e+00	3.156846498753485974e+01	2.816599930089575210e+00
4.400000000000000355e+00	3.155583462251093252e+01	2.821089558656610485e+00
4.410000000000000142e+00	3.154326401356647125e+01	2.825576127153553774e+00
4.419999999999999929e+00	3.153075290517172391e+01	2.830059644597967772e+00
4.429999999999999716e+00	3.151830105841996499e+01	2.834540119960507365e+00
4.440000000000000391e+00	3.150590825084769264e+01	2.839017562165268238e+00
4.450000000000000178e+00	3.149357427625034589e+01	2.843491980090132376e+00
4.459999999999999964e+00	3.148129894449402144e+01	2.847963382567113122e+00
4.469999999999999751e+00	3.146908208132335716e+01	2.852431778382691352e+00
4.480000000000000426e+00	3.145692352816557147e+01	2.856897176278154316e+00
4.490000000000000213e+00	3.144482314193118100e+01	2.861359584949925150e+00
4.500000000000000000e+00	3.143278079481171972e+01	2.865819013049895503e+00
4.509999999999999787e+00	3.142079637407408299e+01	2.870275469185751049e+00
4.520000000000000462e+00	3.140886978185237766e+01	2.874728961921294790e+00
4.530000000000000249e+00	3.139700093493721056e+01	2.879179499776765905e+00
4.540000000000000036e+00	3.138518976456224863e+01	2.883627091229159944e+00
4.549999999999999822e+00	3.137343621618904876e+01	2.888071744712540134e+00
4.560000000000000497e+00	3.136174024928960336e+01	2.892513468618351347e+00
4.570000000000000284e+00	3.135010183712707033e+01	2.896952271295724746e+00
4.580000000000000071e+00	3.133852096653490449e+01	2.901388161051787762e+00
4.589999999999999858e+00	3.132699763769450030e+01	2.905821146151963852e+00
4.600000000000000533e+00	3.131553186391147747e+01	2.910251234820271815e+00
4.610000000000000320e+00	3.130412367139080132e+01	2.914678435239624221e+00
4.620000000000000107e+00	3.129277309901089055e+01	2.919102755552120954e+00
4.629999999999999893e+00	3.128148019809692570e+01	2.923524203859340975e+00
4.639999999999999680e+00	3.127024503219329787e+01	2.927942788222630988e+00
4.650000000000000355e+00	3.125906767683558485e+01	2.932358516663390535e+00
4.660000000000000142e+00	3.124794821932207256e+01	2.936771397163356223e+00
4.669999999999999929e+00	3.123688675848484664e+01	2.941181437664882825e+00
4.679999999999999716e+00	3.122588340446085198e+01	2.945588646071220840e+00
4.690000000000000391e+00	3.121493827846276048e+01	2.949993030246792713e+00
4.700000000000000178e+00	3.120405151254994180e+01	2.954394598017464624e+00
4.709999999999999964e+00	3.119322324939946256e+01	2.958793357170819593e+00
4.719999999999999751e+00	3.118245364207761128e+01	2.963189315456422612e+00
4.730000000000000426e+00	3.117174285381155485e+01	2.967582480586089311e+00
4.740000000000000213e+00	3.116109105776152077e+01	2.971972860234146196e+00
4.750000000000000000e+00	3.115049843679366148e+01	2.976360462037694887e+00
4.759999999999999787e+00	3.113996518325345164e+01	2.980745293596867462e+00
4.770000000000000462e+00	3.112949149873983146e+01	2.985127362475085810e+00
4.780000000000000249e+00	3.111907759388041228e+01	2.989506676199312096e+00
4.790000000000000036e+00	3.110872368810722577e+01	2.993883242260302779e+00
4.799999999999999822e+00	3.109843000943382307e+01	2.998257068112858192e+00
4.810000000000000497e+00	3.108819679423342208e+01	3.002628161176068566e+00
4.820000000000000284e+00	3.107802428701783271e+01	3.006996528833557836e+00
4.830000000000000071e+00	3.106791274021813365e+01	3.011362178433729220e+00
4.839999999999999858e+00	3.105786241396632619e+01	3.015725117290003698e+00
4.850000000000000533e+00	3.104787357587841967e+01	3.020085352681060265e+00
4.860000000000000320e+00	3.103794650083891327e+01	3.024442891851069071e+00
4.870000000000000107e+00	3.102808147078680179e+01	3.028797742009929017e+00
4.879999999999999893e+00	3.101827877450315896e+01	3.033149910333498234e+00
4.889999999999999680e+00	3.100853870740012042e+01	3.037499403963825007e+00
4.900000000000000355e+00	3.099886157131177100e+01	3.041846230009374707e+00
4.910000000000000142e+00	3.098924767428661653e+01	3.046190395545256280e+00
4.919999999999999929e+00	3.097969733038162232e+01	3.050531907613447835e+00
4.929999999999999716e+00	3.097021085945830876e+01	3.054870773223016478e+00
4.940000000000000391e+00	3.096078858698056990e+01	3.059206999350341238e+00
4.950000000000000178e+00	3.095143084381422227e+01	3.063540592939328011e+00
4.959999999999999964e+00	3.094213796602861066e+01	3.067871560901628492e+00
4.969999999999999751e+00	3.093291029470025677e+01	3.072199910116854671e+00
4.980000000000000426e+00	3.092374817571803547e+01	3.076525647432790223e+00
4.990000000000000213e+00	3.091465195959096945e+01	3.080848779665601445e+00
5.000000000000000000e+00	3.090562200125749115e+01	3.085169313600047758e+00
5.009999999999999787e+00	3.089665865989710269e+01	3.089487255989688208e+00
5.020000000000000462e+00	3.088776229874405033e+01	3.093802613557085746e+00
5.030000000000000249e+00	3.087893328490300959e+01	3.098115392994011952e+00
5.040000000000000036e+00	3.087017198916701943e+01	3.102425600961649099e+00
5.049999999999999822e+00	3.086147878583752657e+01	3.106733244090791324e+00
5.060000000000000497e+00	3.085285405254646562e+01	3.111038328982040468e+00
5.070000000000000284e+00	3.084429817008087937e+01	3.115340862206004591e+00
5.080000000000000071e+00	3.083581152220928701e+01	3.119640850303493806e+00
5.089999999999999858e+00	3.082739449551067423e+01	3.123938299785713024e+00
5.100000000000000533e+00	3.081904747920534859e+01	3.128233217134453792e+00
5.110000000000000320e+00	3.081077086498841666e+01	3.132525608802283035e+00
5.120000000000000107e+00	3.080256504686514774e+01	3.136815481212735346e+00
5.129999999999999893e+00	3.079443042098890970e+01	3.141102840760496839e+00
5.139999999999999680e+00	3.078636738550112995e+01	3.145387693811592111e+00
5.150000000000000355e+00	3.077837634037357617e+01	3.149670046703568982e+00
5.160000000000000142e+00	3.077045768725319519e+01	3.153949905745677462e+00
5.169999999999999929e+00	3.076261182930876004e+01	3.158227277219054940e+00
5.179999999999999716e+00	3.075483917108022069e+01	3.162502167376903373e+00
5.190000000000000391e+00	3.074714011832996263e+01	3.166774582444667807e+00
5.200000000000000178e+00	3.073951507789688264e+01	3.171044528620210912e+00
5.209999999999999964e+00	3.073196445755210604e+01	3.175312012073991053e+00
5.219999999999999751e+00	3.072448866585751404e+01	3.179577038949234602e+00
5.230000000000000426e+00	3.071708811202628908e+01	3.183839615362106912e+00
5.240000000000000213e+00	3.070976320578576946e+01	3.188099747401884621e+00
5.250000000000000000e+00	3.070251435724275879e+01	3.192357441131123075e+00
5.259999999999999787e+00	3.069534197675080733e+01	3.196612702585826415e+00
5.270000000000000462e+00	3.068824647477996947e+01	3.200865537775613667e+00
5.280000000000000249e+00	3.068122826178880658e+01	3.205115952683881719e+00
5.290000000000000036e+00	3.067428774809867420e+01	3.209363953267971858e+00
5.299999999999999822e+00	3.066742534376997753e+01	3.213609545459330530e+00
5.310000000000000497e+00	3.066064145848105937e+01	3.217852735163672317e+00
5.320000000000000284e+00	3.065393650140912030e+01	3.222093528261137152e+00
5.330000000000000071e+00	3.064731088111324908e+01	3.226331930606451515e+00
5.339999999999999858e+00	3.064076500541986903e+01	3.230567948029084757e+00
5.350000000000000533e+00	3.063429928131033009e+01	3.234801586333404089e+00
5.360000000000000320e+00	3.062791411481049053e+01	3.239032851298830895e+00
5.370000000000000107e+00	3.062160991088283524e+01	3.243261748679993506e+00
5.379999999999999893e+00	3.061538707332026732e+01	3.247488284206879960e+00
5.389999999999999680e+00	3.060924600464267797e+01	3.251712463584989443e+00
5.400000000000000355e+00	3.060318710599489123e+01	3.255934292495480165e+00
5.410000000000000142e+00	3.059721077704749703e+01	3.260153776595320352e+00
5.419999999999999929e+00	3.059131741589914455e+01	3.264370921517435242e+00
5.429999999999999716e+00	3.058550741898141467e+01	3.268585732870851857e+00
5.440000000000000391e+00	3.057978118096531972e+01	3.272798216240846880e+00
5.450000000000000178e+00	3.057413909467034330e+01	3.277008377189087884e+00
5.459999999999999964e+00	3.056858155097508245e+01	3.281216221253778542e+00
5.469999999999999751e+00	3.056310893873012802e+01	3.285421753949799850e+00
5.480000000000000426e+00	3.055772164467306595e+01	3.289624980768849127e+00
5.490000000000000213e+00	3.055242005334513422e+01	3.293825907179581680e+00
5.500000000000000000e+00	3.054720454701024224e+01	3.298024538627748470e+00
5.509999999999999787e+00	3.054207550557561035e+01	3.302220880536332892e+00
5.520000000000000462e+00	3.053703330651461201e+01	3.306414938305688445e+00
5.530000000000000249e+00	3.053207832479129635e+01	3.310606717313672842e+00
5.540000000000000036e+00	3.052721093278704245e+01	3.314796222915782575e+00
5.549999999999999822e+00	3.052243150022902185e+01	3.318983460445286138e+00
5.560000000000000497e+00	3.051774039412028117e+01	3.323168435213357252e+00
5.570000000000000284e+00	3.051313797867217303e+01	3.327351152509202326e+00
5.580000000000000071e+00	3.050862461523814062e+01	3.331531617600195005e+00
5.589999999999999858e+00	3.050420066224954141e+01	3.335709835732003192e+00
5.600000000000000533e+00	3.049986647515328286e+01	3.339885812128716935e+00
5.610000000000000320e+00	3.049562240635105326e+01	3.344059551992975887e+00
5.620000000000000107e+00	3.049146880514045677e+01	3.348231060506095425e+00
5.629999999999999893e+00	3.048740601765788938e+01	3.352400342828192326e+00
5.639999999999999680e+00	3.048343438682298157e+01	3.356567404098307783e+00
5.650000000000000355e+00	3.047955425228483151e+01	3.360732249434533081e+00
5.660000000000000142e+00	3.047576595036999336e+01	3.364894883934127279e+00
5.669999999999999929e+00	3.047206981403187953e+01	3.369055312673645108e+00
5.679999999999999716e+00	3.046846617280198544e+01	3.373213540709051106e+00
5.690000000000000391e+00	3.046495535274274857e+01	3.377369573075844844e+00
5.700000000000000178e+00	3.046153767640175758e+01	3.381523414789174176e+00
5.709999999999999964e+00	3.045821346276788333e+01	3.385675070843956913e+00
5.719999999999999751e+00	3.045498302722859307e+01	3.389824546214996737e+00
5.730000000000000426e+00	3.045184668152911911e+01	3.393971845857099101e+00
5.740000000000000213e+00	3.044880473373282115e+01	3.398116974705184923e+00
5.750000000000000000e+00	3.044585748818346715e+01	3.402259937674407375e+00
5.759999999999999787e+00	3.044300524546838460e+01	3.406400739660264243e+00
5.770000000000000462e+00	3.044024830238367585e+01	3.410539385538709833e+00
5.780000000000000249e+00	3.043758695190046737e+01	3.414675880166266442e+00
5.790000000000000036e+00	3.043502148313269373e+01	3.418810228380138039e+00
5.799999999999999822e+00	3.043255218130623518e+01	3.422942434998317296e+00
5.810000000000000497e+00	3.043017932772952605e+01	3.427072504819695720e+00
5.820000000000000284e+00	3.042790319976537106e+01	3.431200442624172453e+00
5.830000000000000071e+00	3.042572407080415786e+01	3.435326253172762634e+00
5.839999999999999858e+00	3.042364221023840898e+01	3.439449941207702643e+00
5.850000000000000533e+00	3.042165788343855581e+01	3.443571511452557576e+00
5.860000000000000320e+00	3.041977135173003077e+01	3.447690968612325157e+00
5.870000000000000107e+00	3.041798287237153531e+01	3.451808317373542323e+00
5.879999999999999893e+00	3.041629269853480366e+01	3.455923562404386029e+00
5.889999999999999680e+00	3.041470107928505584e+01	3.460036708354779833e+00
5.900000000000000355e+00	3.041320825956317719e+01	3.464147759856494257e+00
5.910000000000000142e+00	3.041181448016880751e+01	3.468256721523245822e+00
5.919999999999999929e+00	3.041051997774464866e+01	3.472363597950802738e+00
5.929999999999999716e+00	3.040932498476173507e+01	3.476468393717082161e+00
5.940000000000000391e+00	3.040822972950616077e+01	3.480571113382250115e+00
5.950000000000000178e+00	3.040723443606654186e+01	3.484671761488817854e+00
5.959999999999999964e+00	3.040633932432293918e+01	3.488770342561744453e+00
5.969999999999999751e+00	3.040554460993639196e+01	3.492866861108529175e+00
5.980000000000000426e+00	3.040485050433989045e+01	3.496961321619312280e+00
5.990000000000000213e+00	3.040425721473005538e+01	3.501053728566965617e+00
6.000000000000000000e+00	3.040376494406017827e+01	3.505144086407192550e+00
6.009999999999999787e+00	3.040337389103385846e+01	3.509232399578621209e+00
6.020000000000000462e+00	3.040308425009986948e+01	3.513318672502895978e+00
6.030000000000000249e+00	3.040289621144785670e+01	3.517402909584772086e+00
6.040000000000000036e+00	3.040280996100513633e+01	3.521485115212208861e+00
6.049999999999999822e+00	3.040282568043412326e+01	3.525565293756460772e+00
6.060000000000000497e+00	3.040294354713095260e+01	3.529643449572168024e+00
6.070000000000000284e+00	3.040316373422462348e+01	3.533719586997446704e+00
6.080000000000000071e+00	3.040348641057756751e+01	3.537793710353979826e+00
6.089999999999999858e+00	3.040391174078648717e+01	3.541865823947106584e+00
6.100000000000000533e+00	3.040443988518434537e+01	3.545935932065909402e+00
6.110000000000000320e+00	3.040507099984297312e+01	3.550004038983303190e+00
6.120000000000000107e+00	3.040580523657683543e+01	3.554070148956121500e+00
6.129999999999999893e+00	3.040664274294702452e+01	3.558134266225204456e+00
6.140000000000000568e+00	3.040758366226664222e+01	3.562196395015484907e+00
6.150000000000000355e+00	3.040862813360629602e+01	3.566256539536071468e+00
6.160000000000000142e+00	3.040977629180091313e+01	3.570314703980336457e+00
6.169999999999999929e+00	3.041102826745682819e+01	3.574370892525998933e+00
6.179999999999999716e+00	3.041238418695991186e+01	3.578425109335208187e+00
6.190000000000000391e+00	3.041384417248394811e+01	3.582477358554626790e+00
6.200000000000000178e+00	3.041540834200035448e+01	3.586527644315513186e+00
6.209999999999999964e+00	3.041707680928784185e+01	3.590575970733804745e+00
6.219999999999999751e+00	3.041884968394305133e+01	3.594622341910197694e+00
6.230000000000000426e+00	3.042072707139204013e+01	3.598666761930228830e+00
6.240000000000000213e+00	3.042270907290194160e+01	3.602709234864355015e+00
6.250000000000000000e+00	3.042479578559343523e+01	3.606749764768033550e+00
6.259999999999999787e+00	3.042698730245388461e+01	3.610788355681802120e+00
6.270000000000000462e+00	3.042928371235084839e+01	3.614825011631355167e+00
6.280000000000000249e+00	3.043168510004635152e+01	3.618859736627624279e+00
6.290000000000000036e+00	3.043419154621145140e+01	3.622892534666854569e+00
6.299999999999999822e+00	3.043680312744169925e+01	3.626923409730681946e+00
6.310000000000000497e+00	3.043951991627262998e+01	3.630952365786209501e+00
6.320000000000000284e+00	3.044234198119620061e+01	3.634979406786083445e+00
6.330000000000000071e+00	3.044526938667751281e+01	3.639004536668569489e+00
6.339999999999999858e+00	3.044830219317192288e+01	3.643027759357626572e+00
6.350000000000000533e+00	3.045144045714294023e+01	3.647049078762981900e+00
6.360000000000000320e+00	3.045468423108010114e+01	3.651068498780204230e+00
6.370000000000000107e+00	3.045803356351777680e+01	3.655086023290778474e+00
6.379999999999999893e+00	3.046148849905400624e+01	3.659101656162178084e+00
6.390000000000000568e+00	3.046504907836997234e+01	3.663115401247938330e+00
6.400000000000000355e+00	3.046871533824991829e+01	3.667127262387724684e+00
6.410000000000000142e+00	3.047248731160119561e+01	3.671137243407409656e+00
6.419999999999999929e+00	3.047636502747492671e+01	3.675145348119139843e+00
6.429999999999999716e+00	3.048034851108696230e+01	3.679151580321409210e+00
6.440000000000000391e+00	3.048443778383923330e+01	3.683155943799126142e+00
6.450000000000000178e+00	3.048863286334124112e+01	3.687158442323684504e+00
6.459999999999999964e+00	3.049293376343230122e+01	3.691159079653034691e+00
6.469999999999999751e+00	3.049734049420370141e+01	3.695157859531749356e+00
6.480000000000000426e+00	3.050185306202127578e+01	3.699154785691092240e+00
6.490000000000000213e+00	3.050647146954852218e+01	3.703149861849087454e+00
6.500000000000000000e+00	3.051119571576968781e+01	3.707143091710584759e+00
6.509999999999999787e+00	3.051602579601329523e+01	3.711134478967328842e+00
6.520000000000000462e+00	3.052096170197592784e+01	3.715124027298023712e+00
6.530000000000000249e+00	3.052600342174633852e+01	3.719111740368397978e+00
6.540000000000000036e+00	3.053115093982959038e+01	3.723097621831274129e+00
6.549999999999999822e+00	3.053640423717180141e+01	3.727081675326629373e+00
6.560000000000000497e+00	3.054176329118471145e+01	3.731063904481663585e+00
6.570000000000000284e+00	3.054722807577080346e+01	3.735044312910860587e+00
6.580000000000000071e+00	3.055279856134844252e+01	3.739022904216055654e+00
6.589999999999999858e+00	3.055847471487740918e+01	3.742999681986495464e+00
6.600000000000000533e+00	3.056425649988428006e+01	3.746974649798903378e+00
6.610000000000000320e+00	3.057014387648854736e+01	3.750947811217540284e+00
6.620000000000000107e+00	3.057613680142835122e+01	3.754919169794268097e+00
6.629999999999999893e+00	3.058223522808670580e+01	3.758888729068612378e+00
6.640000000000000568e+00	3.058843910651781428e+01	3.762856492567821398e+00
6.650000000000000355e+00	3.059474838347366799e+01	3.766822463806927423e+00
6.660000000000000142e+00	3.060116300243044662e+01	3.770786646288810662e+00
6.669999999999999929e+00	3.060768290361543720e+01	3.774749043504254775e+00
6.679999999999999716e+00	3.061430802403393869e+01	3.778709658932009940e+00
6.690000000000000391e+00	3.062103829749615613e+01	3.782668496038851913e+00
6.700000000000000178e+00	3.062787365464438594e+01	3.786625558279638426e+00
6.709999999999999964e+00	3.063481402298044642e+01	3.790580849097371807e+00
6.719999999999999751e+00	3.064185932689269976e+01	3.794534371923254490e+00
6.730000000000000426e+00	3.064900948768370270e+01	3.798486130176748077e+00
6.740000000000000213e+00	3.065626442359773662e+01	3.802436127265630184e+00
6.750000000000000000e+00	3.066362404984840140e+01	3.806384366586053059e+00
6.759999999999999787e+00	3.067108827864623066e+01	3.810330851522598650e+00
6.770000000000000462e+00	3.067865701922659127e+01	3.814275585448336336e+00
6.780000000000000249e+00	3.068633017787739803e+01	3.818218571724877552e+00
6.790000000000000036e+00	3.069410765796695628e+01	3.822159813702433517e+00
6.799999999999999822e+00	3.070198935997204615e+01	3.826099314719869415e+00
6.810000000000000497e+00	3.070997518150581129e+01	3.830037078104760351e+00
6.820000000000000284e+00	3.071806501734569750e+01	3.833973107173443307e+00
6.830000000000000071e+00	3.072625875946153684e+01	3.837907405231076652e+00
6.839999999999999858e+00	3.073455629704378111e+01	3.841839975571688104e+00
6.850000000000000533e+00	3.074295751653139419e+01	3.845770821478233348e+00
6.860000000000000320e+00	3.075146230163992556e+01	3.849699946222646663e+00
6.870000000000000107e+00	3.076007053338983610e+01	3.853627353065894656e+00
6.879999999999999893e+00	3.076878209013443666e+01	3.857553045258029556e+00
6.890000000000000568e+00	3.077759684758803971e+01	3.861477026038239835e+00
6.900000000000000355e+00	3.078651467885428161e+01	3.865399298634903946e+00
6.910000000000000142e+00	3.079553545445387286e+01	3.869319866265642283e+00
6.919999999999999929e+00	3.080465904235287766e+01	3.873238732137365581e+00
6.929999999999999716e+00	3.081388530799091185e+01	3.877155899446330434e+00
6.940000000000000391e+00	3.082321411430896063e+01	3.881071371378186363e+00
6.950000000000000178e+00	3.083264532177746275e+01	3.884985151108026891e+00
6.959999999999999964e+00	3.084217878842440896e+01	3.888897241800441495e+00
6.969999999999999751e+00	3.085181436986314907e+01	3.892807646609564465e+00
6.980000000000000426e+00	3.086155191932033048e+01	3.896716368679122855e+00
6.990000000000000213e+00	3.087139128766381546e+01	3.900623411142487562e+00
7.000000000000000000e+00	3.088133232343051304e+01	3.904528777122721728e+00
7.009999999999999787e+00	3.089137487285395878e+01	3.908432469732629144e+00
7.020000000000000462e+00	3.090151877989215734e+01	3.912334492074802661e+00
7.030000000000000249e+00	3.091176388625526172e+01	3.916234847241671257e+00
7.040000000000000036e+00	3.092211003143301085e+01	3.920133538315549782e+00
7.049999999999999822e+00	3.093255705272227019e+01	3.924030568368684690e+00
7.060000000000000497e+00	3.094310478525460084e+01	3.927925940463302013e+00
7.070000000000000284e+00	3.095375306202341292e+01	3.931819657651652200e+00
7.080000000000000071e+00	3.096450171391135697e+01	3.935711722976060312e+00
7.089999999999999858e+00	3.097535056971749512e+01	3.939602139468968645e+00
7.100000000000000533e+00	3.098629945618444026e+01	3.943490910152986473e+00
7.110000000000000320e+00	3.099734819802532115e+01	3.947378038040930459e+00
7.120000000000000107e+00	3.100849661795075818e+01	3.951263526135875725e+00
7.129999999999999893e+00	3.101974453669565790e+01	3.955147377431197597e+00
7.140000000000000568e+00	3.103109177304606803e+01	3.959029594910617345e+00
7.150000000000000355e+00	3.104253814386563803e+01	3.962910181548247035e+00
7.160000000000000142e+00	3.105408346412230358e+01	3.966789140308633055e+00
7.169999999999999929e+00	3.106572754691466898e+01	3.970666474146801406e+00
7.179999999999999716e+00	3.107747020349830791e+01	3.974542186008301226e+00
7.190000000000000391e+00	3.108931124331206419e+01	3.978416278829247421e+00
7.200000000000000178e+00	3.110125047400406473e+01	3.982288755536364189e+00
7.209999999999999964e+00	3.111328770145775380e+01	3.986159619047028979e+00
7.219999999999999751e+00	3.112542272981773195e+01	3.990028872269315130e+00
7.230000000000000426e+00	3.113765536151563396e+01	3.993896518102033166e+00
7.240000000000000213e+00	3.114998539729556271e+01	3.997762559434773433e+00
7.250000000000000000e+00	3.116241263623982860e+01	4.001626999147950059e+00
7.259999999999999787e+00	3.117493687579404948e+01	4.005489840112839595e+00
7.270000000000000462e+00	3.118755791179279768e+01	4.009351085191625863e+00
7.280000000000000249e+00	3.120027553848439439e+01	4.013210737237438153e+00
7.290000000000000036e+00	3.121308954855600604e+01	4.017068799094393405e+00
7.299999999999999822e+00	3.122599973315857724e+01	4.020925273597637961e+00
7.310000000000000497e+00	3.123900588193156480e+01	4.024780163573386638e+00
7.320000000000000284e+00	3.125210778302750825e+01	4.028633471838965363e+00
7.330000000000000071e+00	3.126530522313640503e+01	4.032485201202847591e+00
7.339999999999999858e+00	3.127859798751024911e+01	4.036335354464697822e+00
7.350000000000000533e+00	3.129198585998701532e+01	4.040183934415408018e+00
7.360000000000000320e+00	3.130546862301478228e+01	4.044030943837139347e+00
7.370000000000000107e+00	3.131904605767567773e+01	4.047876385503360375e+00
7.379999999999999893e+00	3.133271794370960350e+01	4.051720262178886145e+00
7.390000000000000568e+00	3.134648405953774386e+01	4.055562576619917259e+00
7.400000000000000355e+00	3.136034418228624787e+01	4.059403331574076290e+00
7.410000000000000142e+00	3.137429808780946772e+01	4.063242529780449530e+00
7.419999999999999929e+00	3.138834555071295185e+01	4.067080173969623402e+00
7.429999999999999716e+00	3.140248634437671171e+01	4.070916266863718214e+00
7.440000000000000391e+00	3.141672024097807281e+01	4.074750811176435228e+00
7.450000000000000178e+00	3.143104701151425218e+01	4.078583809613082423e+00
7.459999999999999964e+00	3.144546642582503182e+01	4.082415264870622451e+00
7.469999999999999751e+00	3.145997825261513015e+01	4.086245179637700176e+00
7.480000000000000426e+00	3.147458225947653077e+01	4.090073556594687965e+00
7.490000000000000213e+00	3.148927821291056262e+01	4.093900398413715891e+00
7.500000000000000000e+00	3.150406587834992322e+01	4.097725707758709035e+00
7.509999999999999787e+00	3.151894502018023658e+01	4.101549487285426565e+00
7.520000000000000462e+00	3.153391540176204444e+01	4.105371739641497264e+00
7.530000000000000249e+00	3.154897678545206219e+01	4.109192467466448839e+00
7.540000000000000036e+00	3.156412893262457686e+01	4.113011673391753220e+00
7.549999999999999822e+00	3.157937160369263196e+01	4.116829360040854091e+00
7.560000000000000497e+00	3.159470455812905598e+01	4.120645530029205972e+00
7.570000000000000284e+00	3.161012755448726708e+01	4.124460185964307968e+00
7.580000000000000071e+00	3.162564035042194277e+01	4.128273330445736633e+00
7.589999999999999858e+00	3.164124270270981043e+01	4.132084966065184162e+00
7.600000000000000533e+00	3.165693436726963839e+01	4.135895095406490363e+00
7.610000000000000320e+00	3.167271509918277417e+01	4.139703721045675522e+00
7.620000000000000107e+00	3.168858465271309299e+01	4.143510845550977706e+00
7.629999999999999893e+00	3.170454278132675796e+01	4.147316471482884737e+00
7.640000000000000568e+00	3.172058923771228933e+01	4.151120601394165277e+00
7.650000000000000355e+00	3.173672377379982024e+01	4.154923237829906135e+00
7.660000000000000142e+00	3.175294614078069344e+01	4.158724383327544238e+00
7.669999999999999929e+00	3.176925608912667087e+01	4.162524040416897719e+00
7.679999999999999716e+00	3.178565336860903656e+01	4.166322211620201443e+00
7.690000000000000391e+00	3.180213772831753971e+01	4.170118899452136318e+00
7.700000000000000178e+00	3.181870891667914947e+01	4.173914106419864822e+00
7.709999999999999964e+00	3.183536668147666759e+01	4.177707835023061200e+00
7.719999999999999751e+00	3.185211076986729495e+01	4.181500087753946104e+00
7.730000000000000426e+00	3.186894092840067927e+01	4.185290867097315015e+00
7.740000000000000213e+00	3.188585690303729692e+01	4.189080175530571104e+00
7.750000000000000000e+00	3.190285843916637276e+01	4.192868015523758096e+00
7.759999999999999787e+00	3.191994528162355493e+01	4.196654389539590468e+00
7.770000000000000462e+00	3.193711717470873168e+01	4.200439300033485424e+00
7.780000000000000249e+00	3.195437386220346454e+01	4.204222749453592201e+00
7.790000000000000036e+00	3.197171508738819412e+01	4.208004740240824049e+00
7.799999999999999822e+00	3.198914059305980118e+01	4.211785274828889314e+00
7.810000000000000497e+00	3.200665012154807698e+01	4.215564355644322525e+00
7.820000000000000284e+00	3.202424341473301439e+01	4.219341985106510151e+00
7.830000000000000071e+00	3.204192021406142743e+01	4.223118165627727905e+00
7.839999999999999858e+00	3.205968026056324049e+01	4.226892899613165611e+00
7.850000000000000533e+00	3.207752329486817899e+01	4.230666189460957405e+00
7.860000000000000320e+00	3.209544905722184893e+01	4.234438037562213708e+00
7.870000000000000107e+00	3.211345728750180228e+01	4.238208446301047871e+00
7.879999999999999893e+00	3.213154772523352420e+01	4.241977418054608151e+00
7.890000000000000568e+00	3.214972010960610760e+01	4.245744955193107906e+00
7.900000000000000355e+00	3.216797417948793480e+01	4.249511060079846914e+00
7.910000000000000142e+00	3.218630967344208216e+01	4.253275735071250452e+00
7.919999999999999929e+00	3.220472632974156113e+01	4.257038982516892389e+00
7.930000000000000604e+00	3.222322388638444579e+01	4.260800804759523608e+00
7.940000000000000391e+00	3.224180208110912105e+01	4.264561204135100425e+00
7.950000000000000178e+00	3.226046065140876351e+01	4.268320182972817456e+00
7.959999999999999964e+00	3.227919933454614210e+01	4.272077743595128041e+00
7.969999999999999751e+00	3.229801786756832627e+01	4.275833888317779774e+00
7.980000000000000426e+00	3.231691598732072634e+01	4.279588619449834930e+00
7.990000000000000213e+00	3.233589343046162412e+01	4.283341939293704215e+00
8.000000000000000000e+00	3.235494993347607107e+01	4.287093850145172524e+00
8.009999999999999787e+00	3.237408523268987182e+01	4.290844354293422924e+00
8.019999999999999574e+00	3.239329906428331896e+01	4.294593454021068624e+00
8.029999999999999361e+00	3.241259116430498466e+01	4.298341151604177846e+00
8.040000000000000924e+00	3.243196126868487994e+01	4.302087449312300471e+00
8.050000000000000711e+00	3.245140911324810418e+01	4.305832349408492910e+00
8.060000000000000497e+00	3.247093443372791910e+01	4.309575854149350960e+00
8.070000000000000284e+00	3.249053696577874462e+01	4.313317965785029351e+00
8.080000000000000071e+00	3.251021644498899121e+01	4.317058686559271052e+00
8.089999999999999858e+00	3.252997260689410552e+01	4.320798018709434807e+00
8.099999999999999645e+00	3.254980518698888403e+01	4.324535964466519111e+00
8.109999999999999432e+00	3.256971392073994309e+01	4.328272526055187086e+00
8.120000000000000995e+00	3.258969854359828133e+01	4.332007705693797561e+00
8.130000000000000782e+00	3.260975879101131625e+01	4.335741505594421952e+00
8.140000000000000568e+00	3.262989439843484263e+01	4.339473927962878008e+00
8.150000000000000355e+00	3.265010510134500521e+01	4.343204974998752910e+00
8.160000000000000142e+00	3.267039063525017895e+01	4.346934648895424580e+00
8.169999999999999929e+00	3.269075073570243006e+01	4.350662951840091885e+00
8.179999999999999716e+00	3.271118513830906238e+01	4.354389886013796840e+00
8.189999999999999503e+00	3.273169357874399310e+01	4.358115453591450361e+00
8.199999999999999289e+00	3.275227579275890122e+01	4.361839656741855364e+00
8.210000000000000853e+00	3.277293151619431910e+01	4.365562497627735183e+00
8.220000000000000639e+00	3.279366048499077380e+01	4.369283978405752222e+00
8.230000000000000426e+00	3.281446243519922490e+01	4.373004101226538154e+00
8.240000000000000213e+00	3.283533710299203534e+01	4.376722868234714348e+00
8.250000000000000000e+00	3.285628422467335952e+01	4.380440281568917626e+00
8.259999999999999787e+00	3.287730353668977301e+01	4.384156343361823360e+00
8.269999999999999574e+00	3.289839477564024861e+01	4.387871055740168558e+00
8.279999999999999361e+00	3.291955767828650181e+01	4.391584420824777624e+00
8.290000000000000924e+00	3.294079198156310895e+01	4.395296440730586340e+00
8.300000000000000711e+00	3.296209742258712794e+01	4.399007117566659630e+00
8.310000000000000497e+00	3.298347373866810983e+01	4.402716453436223532e+00
8.320000000000000284e+00	3.300492066731755614e+01	4.406424450436680296e+00
8.330000000000000071e+00	3.302643794625870299e+01	4.410131110659638587e+00
8.339999999999999858e+00	3.304802531343554506e+01	4.413836436190930357e+00
8.349999999999999645e+00	3.306968250702246337e+01	4.417540429110636602e+00
8.359999999999999432e+00	3.309140926543317818e+01	4.421243091493111343e+00
8.370000000000000995e+00	3.311320532732982258e+01	4.424944425407001170e+00
8.380000000000000782e+00	3.313507043163176036e+01	4.428644432915268325e+00
8.390000000000000568e+00	3.315700431752453881e+01	4.432343116075217360e+00
8.400000000000000355e+00	3.317900672446842947e+01	4.436040476938511112e+00
8.410000000000000142e+00	3.320107739220703280e+01	4.439736517551196471e+00
8.419999999999999929e+00	3.322321606077561995e+01	4.443431239953726575e+00
8.429999999999999716e+00	3.324542247050965216e+01	4.447124646180980356e+00
8.439999999999999503e+00	3.326769636205265357e+01	4.450816738262287409e+00
8.449999999999999289e+00	3.329003747636448907e+01	4.454507518221446638e+00
8.460000000000000853e+00	3.331244555472952129e+01	4.458196988076751133e+00
8.470000000000000639e+00	3.333492033876399319e+01	4.461885149841005926e+00
8.480000000000000426e+00	3.335746157042407845e+01	4.465572005521552867e+00
8.490000000000000213e+00	3.338006899201361222e+01	4.469257557120289270e+00
8.500000000000000000e+00	3.340274234619129601e+01	4.472941806633691009e+00
8.509999999999999787e+00	3.342548137597826496e+01	4.476624756052832055e+00
8.519999999999999574e+00	3.344828582476552725e+01	4.480306407363406684e+00
8.529999999999999361e+00	3.347115543632085632e+01	4.483986762545748128e+00
8.540000000000000924e+00	3.349408995479605977e+01	4.487665823574853441e+00
8.550000000000000711e+00	3.351708912473390711e+01	4.491343592420398600e+00
8.560000000000000497e+00	3.354015269107510733e+01	4.495020071046764265e+00
8.570000000000000284e+00	3.356328039916488848e+01	4.498695261413051760e+00
8.580000000000000071e+00	3.358647199475971945e+01	4.502369165473108836e+00
8.589999999999999858e+00	3.360972722403401036e+01	4.506041785175542991e+00
8.599999999999999645e+00	3.363304583358640087e+01	4.509713122463747226e+00
8.609999999999999432e+00	3.365642757044609112e+01	4.513383179275917811e+00
8.620000000000000995e+00	3.367987218207928635e+01	4.517051957545073826e+00
8.630000000000000782e+00	3.370337941639517965e+01	4.520719459199077583e+00
8.640000000000000568e+00	3.372694902175204135e+01	4.524385686160654174e+00
8.650000000000000355e+00	3.375058074696331545e+01	4.528050640347411004e+00
8.660000000000000142e+00	3.377427434130311923e+01	4.531714323671860001e+00
8.669999999999999929e+00	3.379802955451251734e+01	4.535376738041430933e+00
8.679999999999999716e+00	3.382184613680469454e+01	4.539037885358496283e+00
8.689999999999999503e+00	3.384572383887095981e+01	4.542697767520389007e+00
8.700000000000001066e+00	3.386966241188586935e+01	4.546356386419420303e+00
8.710000000000000853e+00	3.389366160751273327e+01	4.550013743942899147e+00
8.720000000000000639e+00	3.391772117790905838e+01	4.553669841973152721e+00
8.730000000000000426e+00	3.394184087573157882e+01	4.557324682387543291e+00
8.740000000000000213e+00	3.396602045414138615e+01	4.560978267058487745e+00
8.750000000000000000e+00	3.399025966680891742e+01	4.564630597853478911e+00
8.759999999999999787e+00	3.401455826791914205e+01	4.568281676635097988e+00
8.769999999999999574e+00	3.403891601217610230e+01	4.571931505261039419e+00
8.779999999999999361e+00	3.406333265480768091e+01	4.575580085584125101e+00
8.790000000000000924e+00	3.408780795157049681e+01	4.579227419452325698e+00
8.800000000000000711e+00	3.411234165875440283e+01	4.582873508708773080e+00
8.810000000000000497e+00	3.413693353318680579e+01	4.586518355191788743e+00
8.820000000000000284e+00	3.416158333223734189e+01	4.590161960734890023e+00
8.830000000000000071e+00	3.418629081382204760e+01	4.593804327166818524e+00
8.839999999999999858e+00	3.421105573640767261e+01	4.597445456311550771e+00
8.849999999999999645e+00	3.423587785901575131e+01	4.601085349988318640e+00
8.859999999999999432e+00	3.426075694122688731e+01	4.604724010011626234e+00
8.870000000000000995e+00	3.428569274318451221e+01	4.608361438191270310e+00
8.880000000000000782e+00	3.431068502559907074e+01	4.611997636332353601e+00
8.890000000000000568e+00	3.433573354975170133e+01	4.615632606235304358e+00
8.900000000000000355e+00	3.436083807749791674e+01	4.619266349695894114e+00
8.910000000000000142e+00	3.438599837127154046e+01	4.622898868505255443e+00
8.919999999999999929e+00	3.441121419408823812e+01	4.626530164449896176e+00
8.929999999999999716e+00	3.443648530954899911e+01	4.630160239311718939e+00
8.939999999999999503e+00	3.446181148184359699e+01	4.633789094868038916e+00
8.950000000000001066e+00	3.448719247575402846e+01	4.637416732891599835e+00
8.960000000000000853e+00	3.451262805665785294e+01	4.641043155150586408e+00
8.970000000000000639e+00	3.453811799053137577e+01	4.644668363408650968e+00
8.980000000000000426e+00	3.456366204395291675e+01	4.648292359424919695e+00
8.990000000000000213e+00	3.458925998410582991e+01	4.651915144954017478e+00
9.000000000000000000e+00	3.461491157878151625e+01	4.655536721746078577e+00
9.009999999999999787e+00	3.464061659638244350e+01	4.659157091546766161e+00
9.019999999999999574e+00	3.466637480592513043e+01	4.662776256097289185e+00
9.029999999999999361e+00	3.469218597704272611e+01	4.666394217134414824e+00
9.040000000000000924e+00	3.471804987998806524e+01	4.670010976390489787e+00
9.050000000000000711e+00	3.474396628563609113e+01	4.673626535593452758e+00
9.060000000000000497e+00	3.476993496548664808e+01	4.677240896466851261e+00
9.070000000000000284e+00	3.479595569166700386e+01	4.680854060729859434e+00
9.080000000000000071e+00	3.482202823693430815e+01	4.684466030097292233e+00
9.089999999999999858e+00	3.484815237467809368e+01	4.688076806279620534e+00
9.099999999999999645e+00	3.487432787892264230e+01	4.691686390982989785e+00
9.109999999999999432e+00	3.490055452432915928e+01	4.695294785909231550e+00
9.120000000000000995e+00	3.492683208619815360e+01	4.698901992755884827e+00
9.130000000000000782e+00	3.495316034047157672e+01	4.702508013216204930e+00
9.140000000000000568e+00	3.497953906373498967e+01	4.706112848979183028e+00
9.150000000000000355e+00	3.500596803321949579e+01	4.709716501729563021e+00
9.160000000000000142e+00	3.503244702680395761e+01	4.713318973147852198e+00
9.169999999999999929e+00	3.505897582301668791e+01	4.716920264910339888e+00
9.179999999999999716e+00	3.508555420103751032e+01	4.720520378689110785e+00
9.189999999999999503e+00	3.511218194069955700e+01	4.724119316152062709e+00
9.200000000000001066e+00	3.513885882249100234e+01	4.727717078962918151e+00
9.210000000000000853e+00	3.516558462755684644e+01	4.731313668781242043e+00
9.220000000000000639e+00	3.519235913770041435e+01	4.734909087262455074e+00
9.230000000000000426e+00	3.521918213538528875e+01	4.738503336057848792e+00
9.240000000000000213e+00	3.524605340373634021e+01	4.742096416814600701e+00
9.250000000000000000e+00	3.527297272654184468e+01	4.745688331175790253e+00
9.259999999999999787e+00	3.529993988825445683e+01	4.749279080780410389e+00
9.269999999999999574e+00	3.532695467399280886e+01	4.752868667263384417e+00
9.279999999999999361e+00	3.535401686954274680e+01	4.756457092255579333e+00
9.290000000000000924e+00	3.538112626135874450e+01	4.760044357383821811e+00
9.300000000000000711e+00	3.540828263656499786e+01	4.763630464270910636e+00
9.310000000000000497e+00	3.543548578295690987e+01	4.767215414535630913e+00
9.320000000000000284e+00	3.546273548900181538e+01	4.770799209792771833e+00
9.330000000000000071e+00	3.549003154384026004e+01	4.774381851653136444e+00
9.339999999999999858e+00	3.551737373728722957e+01	4.777963341723557633e+00
9.349999999999999645e+00	3.554476185983277503e+01	4.781543681606913232e+00
9.359999999999999432e+00	3.557219570264339126e+01	4.785122872902136670e+00
9.370000000000000995e+00	3.559967505756238637e+01	4.788700917204235630e+00
9.380000000000000782e+00	3.562719971711133837e+01	4.792277816104300037e+00
9.390000000000000568e+00	3.565476947449052147e+01	4.795853571189522491e+00
9.400000000000000355e+00	3.568238412357964506e+01	4.799428184043205370e+00
9.410000000000000142e+00	3.571004345893875609e+01	4.803001656244780371e+00
9.419999999999999929e+00	3.573774727580889987e+01	4.806573989369818278e+00
9.429999999999999716e+00	3.576549537011266011e+01	4.810145184990042289e+00
9.439999999999999503e+00	3.579328753845489786e+01	4.813715244673344884e+00
9.450000000000001066e+00	3.582112357812301440e+01	4.817284169983797604e+00
9.460000000000000853e+00	3.584900328708779682e+01	4.820851962481665254e+00
9.470000000000000639e+00	3.587692646400373064e+01	4.824418623723422783e+00
9.480000000000000426e+00	3.590489290820939061e+01	4.827984155261761501e+00
9.490000000000000213e+00	3.593290241972780308e+01	4.831548558645609504e+00
9.500000000000000000e+00	3.596095479926710681e+01	4.835111835420139670e+00
9.509999999999999787e+00	3.598904984822038955e+01	4.838673987126785647e+00
9.519999999999999574e+00	3.601718736866627069e+01	4.842235015303253398e+00
9.529999999999999361e+00	3.604536716336907887e+01	4.845794921483532747e+00
9.540000000000000924e+00	3.607358903577897991e+01	4.849353707197915142e+00
9.550000000000000711e+00	3.610185279003223258e+01	4.852911373972998987e+00
9.560000000000000497e+00	3.613015823095123125e+01	4.856467923331711845e+00
9.570000000000000284e+00	3.615850516404454851e+01	4.860023356793313098e+00
9.580000000000000071e+00	3.618689339550715545e+01	4.863577675873413497e+00
9.589999999999999858e+00	3.621532273222030085e+01	4.867130882083987586e+00
9.599999999999999645e+00	3.624379298175160358e+01	4.870682976933379926e+00
9.609999999999999432e+00	3.627230395235471150e+01	4.874233961926325520e+00
9.620000000000000995e+00	3.630085545296973493e+01	4.877783838563956920e+00
9.630000000000000782e+00	3.632944729322253608e+01	4.881332608343818436e+00
9.640000000000000568e+00	3.635807928342506301e+01	4.884880272759878572e+00
9.650000000000000355e+00	3.638675123457478122e+01	4.888426833302541574e+00
9.660000000000000142e+00	3.641546295835483704e+01	4.891972291458659861e+00
9.669999999999999929e+00	3.644421426713346790e+01	4.895516648711547347e+00
9.679999999999999716e+00	3.647300497396390995e+01	4.899059906540990106e+00
9.689999999999999503e+00	3.650183489258404990e+01	4.902602066423257021e+00
9.700000000000001066e+00	3.653070383741616212e+01	4.906143129831115779e+00
9.710000000000000853e+00	3.655961162356629046e+01	4.909683098233840859e+00
9.720000000000000639e+00	3.658855806682412037e+01	4.913221973097227746e+00
9.730000000000000426e+00	3.661754298366246729e+01	4.916759755883603589e+00
9.740000000000000213e+00	3.664656619123670822e+01	4.920296448051839633e+00
9.750000000000000000e+00	3.667562750738458277e+01	4.923832051057364545e+00
9.759999999999999787e+00	3.670472675062522683e+01	4.927366566352169741e+00
9.769999999999999574e+00	3.673386374015911571e+01	4.930899995384829815e+00
9.779999999999999361e+00	3.676303829586716887e+01	4.934432339600507866e+00
9.790000000000000924e+00	3.679225023831030228e+01	4.937963600440968825e+00
9.800000000000000711e+00	3.682149938872888129e+01	4.941493779344590997e+00
9.810000000000000497e+00	3.685078556904175429e+01	4.945022877746376722e+00
9.820000000000000284e+00	3.688010860184598272e+01	4.948550897077966582e+00
9.830000000000000071e+00	3.690946831041602394e+01	4.952077838767646512e+00
9.839999999999999858e+00	3.693886451870267251e+01	4.955603704240362894e+00
9.849999999999999645e+00	3.696829705133293231e+01	4.959128494917729668e+00
9.859999999999999432e+00	3.699776573360875886e+01	4.962652212218042536e+00
9.870000000000000995e+00	3.702727039150643407e+01	4.966174857556291400e+00
9.880000000000000782e+00	3.705681085167589828e+01	4.969696432344166581e+00
9.890000000000000568e+00	3.708638694143949266e+01	4.973216937990073916e+00
9.900000000000000355e+00	3.711599848879169627e+01	4.976736375899143638e+00
9.910000000000000142e+00	3.714564532239770500e+01	4.980254747473242816e+00
9.919999999999999929e+00	3.717532727159293415e+01	4.983772054110985117e+00
9.929999999999999716e+00	3.720504416638176792e+01	4.987288297207741472e+00
9.939999999999999503e+00	3.723479583743689147e+01	4.990803478155652506e+00
9.950000000000001066e+00	3.726458211609817539e+01	4.994317598343638309e+00
9.960000000000000853e+00	3.729440283437168091e+01	4.997830659157405542e+00
9.970000000000000639e+00	3.732425782492870781e+01	5.001342661979465198e+00
9.980000000000000426e+00	3.735414692110484935e+01	5.004853608189137049e+00
9.990000000000000213e+00	3.738406995689879153e+01	5.008363499162564736e+00
1.000000000000000000e+01	3.741402676697127561e+01	5.011872336272721995e+00
